"Gene_name";"baseMean";"log2FoldChange";"lfcSE";"stat";"pvalue";"padj";"diffexpressed"
"1";"Adhfe1";74.535;-2.074;0.288;-7.211;0;0;"Downregulated"
"2";"Tram2";1162.07;1.172;0.093;12.568;0;0;"Upregulated"
"3";"Ptpn18";267.869;-1.132;0.16;-7.052;0;0;"Downregulated"
"4";"Gm37146";51.33;1.335;0.307;4.351;0;0;"Upregulated"
"5";"Hs6st1";23359.809;1.174;0.051;22.905;0;0;"Upregulated"
"6";"Neurl3";8891.373;-1.02;0.057;-18.024;0;0;"Downregulated"
"7";"Cnnm4";5457.583;1.512;0.055;27.726;0;0;"Upregulated"
"8";"Cnnm3";1887.355;1.049;0.066;16.004;0;0;"Upregulated"
"9";"Sema4c";3077.767;1.304;0.061;21.317;0;0;"Upregulated"
"10";"D430040D24Rik";76.828;1.813;0.299;6.069;0;0;"Upregulated"
"11";"Fam178b";28.29;2.037;0.463;4.401;0;0;"Upregulated"
"12";"Il1rl1";21.968;2.359;0.505;4.67;0;0;"Upregulated"
"13";"Il18r1";17.892;2.82;0.607;4.643;0;0;"Upregulated"
"14";"Il18rap";2515.66;2.074;0.087;23.756;0;0;"Upregulated"
"15";"Aox1";1140.15;1.242;0.081;15.339;0;0;"Upregulated"
"16";"Flacc1";81.08;1.504;0.246;6.118;0;0;"Upregulated"
"17";"Gm8883";50.888;1.495;0.313;4.776;0;0;"Upregulated"
"18";"Epha4";1095.269;-1.067;0.089;-12.016;0;0;"Downregulated"
"19";"Ccl20";1286.653;-1.78;0.082;-21.676;0;0;"Downregulated"
"20";"Chrnd";44.436;-3.326;0.447;-7.435;0;0;"Downregulated"
"21";"Ackr3";1093.851;1.493;0.083;17.97;0;0;"Upregulated"
"22";"Rab17";273.593;-1.358;0.162;-8.371;0;0;"Downregulated"
"23";"Klhl30";181.225;4.082;0.234;17.409;0;0;"Upregulated"
"24";"Dusp28";785.472;1.71;0.096;17.741;0;0;"Upregulated"
"25";"Mab21l4";5713.272;3.356;0.063;53.404;0;0;"Upregulated"
"26";"Crocc2";149.355;4.588;0.278;16.498;0;0;"Upregulated"
"27";"Rnf152";708.077;2.112;0.116;18.212;0;0;"Upregulated"
"28";"Gm28403";27.147;3.507;0.548;6.403;0;0;"Upregulated"
"29";"Serpinb8";273.145;1.736;0.141;12.276;0;0;"Upregulated"
"30";"AA986860";95.694;1.067;0.221;4.819;0;0;"Upregulated"
"31";"Pigr";99.25;-2.821;0.305;-9.252;0;0;"Downregulated"
"32";"Dyrk3";2637.782;1.312;0.075;17.511;0;0;"Upregulated"
"33";"Gm29695";190.713;1.617;0.175;9.253;0;0;"Upregulated"
"34";"Nuak2";2855.776;1.06;0.061;17.325;0;0;"Upregulated"
"35";"F730311O21Rik";77.652;2.148;0.268;8.024;0;0;"Upregulated"
"36";"Cntn2";26.393;2.093;0.477;4.386;0;0;"Upregulated"
"37";"Atp2b4";1814.883;2.24;0.076;29.315;0;0;"Upregulated"
"38";"Ppp1r12b";7964.277;1.598;0.069;23.038;0;0;"Upregulated"
"39";"Elf3";2698.011;-1.245;0.066;-18.911;0;0;"Downregulated"
"40";"Tnnt2";12593.603;1.682;0.072;23.494;0;0;"Upregulated"
"41";"Mroh3";31.554;2.898;0.461;6.282;0;0;"Upregulated"
"42";"Inava";4939.001;2.09;0.061;34.246;0;0;"Upregulated"
"43";"Ptgs2os";216.781;1.659;0.167;9.947;0;0;"Upregulated"
"44";"Ptgs2";7171.92;1.192;0.148;8.06;0;0;"Upregulated"
"45";"Lamc2";40049.093;1.234;0.05;24.792;0;0;"Upregulated"
"46";"Selp";145.989;2.561;0.212;12.074;0;0;"Upregulated"
"47";"Rgs5";35.015;4.148;0.52;7.983;0;0;"Upregulated"
"48";"Gm7694";290.697;-1.636;0.149;-11;0;0;"Downregulated"
"49";"Nos1ap";158.012;-1.636;0.197;-8.286;0;0;"Downregulated"
"50";"Fcrlb";44.347;3.329;0.439;7.584;0;0;"Upregulated"
"51";"Fcgr4";73.652;1.433;0.267;5.373;0;0;"Upregulated"
"52";"Aim2";268.641;-1.155;0.149;-7.747;0;0;"Downregulated"
"53";"Ifi205";117.397;-1.486;0.219;-6.798;0;0;"Downregulated"
"54";"Hmga2-ps1";1011.81;1.809;0.089;20.33;0;0;"Upregulated"
"55";"Ephx1";482.858;-1.284;0.145;-8.88;0;0;"Downregulated"
"56";"Dnah14";60.44;1.843;0.294;6.276;0;0;"Upregulated"
"57";"Hlx";208.141;1.089;0.176;6.184;0;0;"Upregulated"
"58";"Tgfb2";67.463;1.382;0.269;5.139;0;0;"Upregulated"
"59";"Kcnk2";774.466;-1.453;0.105;-13.805;0;0;"Downregulated"
"60";"Sertad4";3463.431;1.298;0.06;21.525;0;0;"Upregulated"
"61";"Lamb3";13641.524;1.13;0.048;23.522;0;0;"Upregulated"
"62";"Itga8";388.439;-2.249;0.133;-16.956;0;0;"Downregulated"
"63";"Il36a";83.489;-1.879;0.27;-6.953;0;0;"Downregulated"
"64";"Lrrc26";70.614;-2.923;0.323;-9.044;0;0;"Downregulated"
"65";"Ptgds";33.864;-2.568;0.433;-5.929;0;0;"Downregulated"
"66";"Nacc2";465.684;1.167;0.12;9.695;0;0;"Upregulated"
"67";"Snhg7os";61.549;1.88;0.362;5.189;0;0;"Upregulated"
"68";"Hmcn2";51.378;4.278;0.446;9.589;0;0;"Upregulated"
"69";"Ass1";421.553;3.831;0.148;25.967;0;0;"Upregulated"
"70";"Ak1";290.373;2.969;0.162;18.319;0;0;"Upregulated"
"71";"Hspa5";111023.769;1.171;0.067;17.366;0;0;"Upregulated"
"72";"Itgb6";844.226;1.401;0.093;15.021;0;0;"Upregulated"
"73";"Scn3a";223.386;1.356;0.169;8.037;0;0;"Upregulated"
"74";"Chrna1";52.897;3.624;0.387;9.365;0;0;"Upregulated"
"75";"Fkbp7";103.498;1.212;0.218;5.563;0;0;"Upregulated"
"76";"Lrp4";390.088;1.975;0.138;14.354;0;0;"Upregulated"
"77";"Elf5";11.003;7.102;1.34;5.3;0;0;"Upregulated"
"78";"Lmo2";32.137;1.864;0.422;4.419;0;0;"Upregulated"
"79";"Muc15";100.423;1.069;0.229;4.662;0;0;"Upregulated"
"80";"Gchfr";344.393;-1.46;0.141;-10.377;0;0;"Downregulated"
"81";"Gm14207";71.041;-1.353;0.276;-4.9;0;0;"Downregulated"
"82";"Dll4";311.187;-1.32;0.144;-9.144;0;0;"Downregulated"
"83";"Tmem62";282.894;-1.137;0.144;-7.919;0;0;"Downregulated"
"84";"Fgf7";795.432;-1.105;0.112;-9.856;0;0;"Downregulated"
"85";"Hdc";78.035;-1.271;0.26;-4.885;0;0;"Downregulated"
"86";"Dusp2";149.119;1.572;0.236;6.655;0;0;"Upregulated"
"87";"Slc4a11";13475.319;1.011;0.048;21.227;0;0;"Upregulated"
"88";"Adam33";28.22;-3.083;0.526;-5.857;0;0;"Downregulated"
"89";"Fermt1";10306.81;2.091;0.061;34.534;0;0;"Upregulated"
"90";"Jag1";8454.161;3.154;0.064;49.621;0;0;"Upregulated"
"91";"Bpifb4";89.271;-2.504;0.265;-9.439;0;0;"Downregulated"
"92";"Fam83c";47.481;2.191;0.36;6.089;0;0;"Upregulated"
"93";"Fer1l4";44.455;-1.581;0.351;-4.506;0;0;"Downregulated"
"94";"Sla2";44.421;-1.966;0.365;-5.384;0;0;"Downregulated"
"95";"Lbp";169.708;-1.776;0.231;-7.703;0;0;"Downregulated"
"96";"Arhgap40";131.725;-1.319;0.201;-6.555;0;0;"Downregulated"
"97";"Gm14221";183.796;-1.533;0.181;-8.477;0;0;"Downregulated"
"98";"Sgk2";345.156;-3.175;0.168;-18.956;0;0;"Downregulated"
"99";"Slpi";2561.788;-1.49;0.087;-17.173;0;0;"Downregulated"
"100";"Wfdc8";16.45;4.2;0.777;5.406;0;0;"Upregulated"
"101";"Mmp9";45002.337;3.806;0.053;71.859;0;0;"Upregulated"
"102";"Slc12a5";272.869;3.376;0.186;18.107;0;0;"Upregulated"
"103";"Cd40";25.57;6.472;1.091;5.932;0;0;"Upregulated"
"104";"Eya2";2731.06;-2.244;0.067;-33.397;0;0;"Downregulated"
"105";"Prex1";136.797;-1.413;0.195;-7.243;0;0;"Downregulated"
"106";"Kcnb1";692.62;-1.172;0.106;-11.084;0;0;"Downregulated"
"107";"Snai1";1102.062;2.321;0.104;22.295;0;0;"Upregulated"
"108";"Ripor3";227.238;-1.295;0.157;-8.235;0;0;"Downregulated"
"109";"Cyp24a1";17.428;-3.393;0.684;-4.963;0;0;"Downregulated"
"110";"Pmepa1";18317.53;3.092;0.05;61.932;0;0;"Upregulated"
"111";"Rbbp8nl";334.044;-1.102;0.138;-7.992;0;0;"Downregulated"
"112";"Skil";10808.91;1.829;0.059;31.183;0;0;"Upregulated"
"113";"Cetn4";154.515;1.219;0.217;5.606;0;0;"Upregulated"
"114";"Spry1";2046.235;-1.023;0.074;-13.774;0;0;"Downregulated"
"115";"Postn";511.316;4.174;0.349;11.975;0;0;"Upregulated"
"116";"Dclk1";1341.199;1.288;0.091;14.226;0;0;"Upregulated"
"117";"Gm9831";77.193;1.303;0.247;5.274;0;0;"Upregulated"
"118";"P2ry12";190.844;1.431;0.181;7.899;0;0;"Upregulated"
"119";"Pdgfc";524.096;1.507;0.123;12.241;0;0;"Upregulated"
"120";"Il6ra";1576.525;-1.1;0.081;-13.569;0;0;"Downregulated"
"121";"Lce1f";37.682;2.841;0.419;6.788;0;0;"Upregulated"
"122";"Lce1g";88.266;1.244;0.278;4.475;0;0;"Upregulated"
"123";"Sema6c";135.66;1.056;0.196;5.375;0;0;"Upregulated"
"124";"Adamtsl4";288.398;-1.202;0.146;-8.247;0;0;"Downregulated"
"125";"Txnip";29907.625;-1.124;0.053;-21.109;0;0;"Downregulated"
"126";"Lix1l";239.916;1.135;0.143;7.931;0;0;"Upregulated"
"127";"Zfp697";750.178;1.461;0.09;16.264;0;0;"Upregulated"
"128";"Vtcn1";58.88;2.408;0.317;7.593;0;0;"Upregulated"
"129";"Gstm1";476.143;-1.456;0.13;-11.21;0;0;"Downregulated"
"130";"Palmd";283.536;1.744;0.16;10.912;0;0;"Upregulated"
"131";"1700061I17Rik";70.58;2.253;0.32;7.046;0;0;"Upregulated"
"132";"Fam241a";422.497;-1.013;0.162;-6.254;0;0;"Downregulated"
"133";"Sgms2";7061.494;-1.024;0.058;-17.797;0;0;"Downregulated"
"134";"Bdh2";66.636;1.22;0.274;4.449;0;0;"Upregulated"
"135";"Ccn1";5167.515;1.356;0.186;7.278;0;0;"Upregulated"
"136";"C9orf72";2208.902;1.21;0.067;17.933;0;0;"Upregulated"
"137";"Enho";26.405;2.959;0.544;5.44;0;0;"Upregulated"
"138";"ENSMUSG00000120990";43.063;1.906;0.373;5.112;0;0;"Upregulated"
"139";"Npr2";25.998;3.191;0.535;5.961;0;0;"Upregulated"
"140";"Msantd3";1087.219;1.063;0.103;10.333;0;0;"Upregulated"
"141";"Tmeff1";2399.046;2.05;0.078;26.122;0;0;"Upregulated"
"142";"Col27a1";29.548;3.937;0.558;7.05;0;0;"Upregulated"
"143";"Orm1";124.059;2.046;0.208;9.857;0;0;"Upregulated"
"144";"Tnc";3969.74;1.86;0.06;31.05;0;0;"Upregulated"
"145";"Trabd2b";378.977;1.137;0.126;9.015;0;0;"Upregulated"
"146";"Tspan1";4616.616;-1.45;0.07;-20.857;0;0;"Downregulated"
"147";"Cited4";80.074;-1.342;0.26;-5.161;0;0;"Downregulated"
"148";"Sh3d21";428.18;1.298;0.117;11.058;0;0;"Upregulated"
"149";"Gjb3";3300.226;1.043;0.069;15.086;0;0;"Upregulated"
"150";"Gjb4";2336.292;1.637;0.067;24.329;0;0;"Upregulated"
"151";"Gjb5";32.964;2.313;0.419;5.515;0;0;"Upregulated"
"152";"Marcksl1";8130.071;1.181;0.056;21.034;0;0;"Upregulated"
"153";"Tinagl1";14215.95;-1.151;0.05;-22.846;0;0;"Downregulated"
"154";"Ptpru";148.902;2.009;0.197;10.205;0;0;"Upregulated"
"155";"Sfn";9377.605;3.466;0.063;54.833;0;0;"Upregulated"
"156";"Grhl3";105.444;-1.038;0.237;-4.374;0;0;"Downregulated"
"157";"Htr1d";20.269;2.393;0.555;4.316;0;0;"Upregulated"
"158";"Camk2n1";1081.64;1.488;0.081;18.327;0;0;"Upregulated"
"159";"Padi1";2019.854;-1.047;0.074;-14.065;0;0;"Downregulated"
"160";"Pik3cd";54.579;1.756;0.32;5.479;0;0;"Upregulated"
"161";"Spsb1";1757.969;1.933;0.072;26.888;0;0;"Upregulated"
"162";"Slc2a5";163.128;1.329;0.177;7.507;0;0;"Upregulated"
"163";"Chd5";108.285;-1.186;0.234;-5.06;0;0;"Downregulated"
"164";"Plch2";158.819;-1.01;0.208;-4.844;0;0;"Downregulated"
"165";"Klhl17";163.649;1.009;0.204;4.936;0;0;"Upregulated"
"166";"Steap4";113.5;-1.427;0.223;-6.41;0;0;"Downregulated"
"167";"Speer3";141.149;-2.012;0.206;-9.788;0;0;"Downregulated"
"168";"Gm6650";99.621;-1.725;0.239;-7.207;0;0;"Downregulated"
"169";"Sema3e";9989.366;-1.511;0.058;-26.221;0;0;"Downregulated"
"170";"Gsap";765.296;1.357;0.093;14.592;0;0;"Upregulated"
"171";"Trim54";166.8;-1.051;0.209;-5.026;0;0;"Downregulated"
"172";"Sh3bp2";1070.211;1.069;0.079;13.578;0;0;"Upregulated"
"173";"Rgs12";1348.437;1.827;0.089;20.587;0;0;"Upregulated"
"174";"Sorcs2";593.521;1.172;0.103;11.431;0;0;"Upregulated"
"175";"Hs3st1";904.64;-1.546;0.108;-14.372;0;0;"Downregulated"
"176";"Gm3716";343.131;-1.143;0.129;-8.837;0;0;"Downregulated"
"177";"Fam114a1";1090.487;1.423;0.087;16.376;0;0;"Upregulated"
"178";"Igfbp7";11138.685;1.036;0.07;14.722;0;0;"Upregulated"
"179";"Tmprss11f";123.641;1.023;0.203;5.045;0;0;"Upregulated"
"180";"Tmprss11e";7921.084;-1.043;0.061;-17.14;0;0;"Downregulated"
"181";"Cxcl5";10029.669;-1.606;0.068;-23.643;0;0;"Downregulated"
"182";"Cxcl3";766.481;-1.08;0.1;-10.773;0;0;"Downregulated"
"183";"Cxcl1";8394.925;-2.062;0.077;-26.623;0;0;"Downregulated"
"184";"Odaph";1536.728;1.144;0.091;12.507;0;0;"Upregulated"
"185";"Sparcl1";17.49;4.311;0.762;5.661;0;0;"Upregulated"
"186";"Tmem119";134.75;4.587;0.293;15.68;0;0;"Upregulated"
"187";"Rph3a";34.805;4.059;0.513;7.914;0;0;"Upregulated"
"188";"Abcb9";46.282;-1.916;0.363;-5.273;0;0;"Downregulated"
"189";"Lat2";398.409;-1.67;0.134;-12.453;0;0;"Downregulated"
"190";"Cldn4";27683.296;1.064;0.073;14.504;0;0;"Upregulated"
"191";"Upk3bl";418.464;-1.01;0.136;-7.423;0;0;"Downregulated"
"192";"Rasa4";1889.638;1.11;0.072;15.446;0;0;"Upregulated"
"193";"Sh2b2";657.699;1.103;0.107;10.353;0;0;"Upregulated"
"194";"Serpine1";14077.067;5.207;0.058;90.393;0;0;"Upregulated"
"195";"Pdgfa";2777.478;1.516;0.066;22.846;0;0;"Upregulated"
"196";"6330403L08Rik";202.476;1.032;0.162;6.353;0;0;"Upregulated"
"197";"Prkar1b";12.737;3.814;0.827;4.612;0;0;"Upregulated"
"198";"Gpr146";1097.231;-1.47;0.101;-14.533;0;0;"Downregulated"
"199";"Tmem130";55.765;1.527;0.327;4.676;0;0;"Upregulated"
"200";"Tmem140";1710.422;1.276;0.099;12.941;0;0;"Upregulated"
"201";"Creb3l2";2624.801;1.958;0.073;26.696;0;0;"Upregulated"
"202";"ENSMUSG00000120732";876.534;1.11;0.115;9.693;0;0;"Upregulated"
"203";"Ephb6";754.856;1.793;0.094;19.163;0;0;"Upregulated"
"204";"Nobox";197.2;-1.344;0.19;-7.077;0;0;"Downregulated"
"205";"Atp6v0e2";447.916;-1.068;0.117;-9.149;0;0;"Downregulated"
"206";"Gimap8";85.137;5.888;0.508;11.587;0;0;"Upregulated"
"207";"Gpnmb";150.511;-1.18;0.215;-5.483;0;0;"Downregulated"
"208";"Creb5";1063.391;-1.105;0.117;-9.466;0;0;"Downregulated"
"209";"Gadd45a";4317.214;1.296;0.069;18.827;0;0;"Upregulated"
"210";"Fbln2";52064.633;1.032;0.046;22.589;0;0;"Upregulated"
"211";"Bhlhe40";19957.66;2.487;0.072;34.753;0;0;"Upregulated"
"212";"Hrh1";119.011;1.273;0.235;5.426;0;0;"Upregulated"
"213";"Plxnd1";306.465;1.607;0.15;10.728;0;0;"Upregulated"
"214";"Rassf4";18.004;-2.768;0.609;-4.549;0;0;"Downregulated"
"215";"Zfp9";405.927;1.38;0.144;9.555;0;0;"Upregulated"
"216";"B4galnt3";4358.216;-1.171;0.061;-19.161;0;0;"Downregulated"
"217";"Slc25a18";35.183;3.634;0.483;7.531;0;0;"Upregulated"
"218";"Slc6a12";24.399;2.97;0.522;5.695;0;0;"Upregulated"
"219";"Apobec1";1464.219;1.893;0.072;26.2;0;0;"Upregulated"
"220";"Olr1";18.746;3.108;0.602;5.164;0;0;"Upregulated"
"221";"Slco1a5";224.004;-1.539;0.163;-9.421;0;0;"Downregulated"
"222";"Sspn";1075.488;1.188;0.09;13.15;0;0;"Upregulated"
"223";"Cacng7";122.368;1.022;0.232;4.404;0;0;"Upregulated"
"224";"Il11";150.405;1.351;0.191;7.084;0;0;"Upregulated"
"225";"Sbk2";71.227;2.144;0.281;7.62;0;0;"Upregulated"
"226";"Sbk3";219.592;1.708;0.167;10.226;0;0;"Upregulated"
"227";"Pglyrp1";83.473;-2.014;0.288;-6.991;0;0;"Downregulated"
"228";"Fosb";408.707;1.098;0.119;9.21;0;0;"Upregulated"
"229";"Ppp1r13l";4099.665;1.021;0.059;17.233;0;0;"Upregulated"
"230";"Nkpd1";92.978;-1.024;0.236;-4.334;0;0;"Downregulated"
"231";"Ceacam19";75.384;-1.766;0.278;-6.352;0;0;"Downregulated"
"232";"Numbl";128.429;1.174;0.199;5.891;0;0;"Upregulated"
"233";"Iglon5";22.108;3.883;0.621;6.252;0;0;"Upregulated"
"234";"Siglecl1";14.143;3.913;0.811;4.827;0;0;"Upregulated"
"235";"Cd33";323.353;3.249;0.172;18.901;0;0;"Upregulated"
"236";"Klk10";1703.017;-1.33;0.069;-19.245;0;0;"Downregulated"
"237";"Klk6";249.912;-2.051;0.175;-11.745;0;0;"Downregulated"
"238";"Ftl1";27024.632;1.003;0.06;16.833;0;0;"Upregulated"
"239";"Fut2";45.255;-2.767;0.402;-6.883;0;0;"Downregulated"
"240";"Dbp";709.745;-1.28;0.103;-12.479;0;0;"Downregulated"
"241";"Zscan2";457.72;1.009;0.129;7.84;0;0;"Upregulated"
"242";"Bnc1";2128.728;1.587;0.065;24.492;0;0;"Upregulated"
"243";"Gm20744";49.758;1.864;0.328;5.686;0;0;"Upregulated"
"244";"Adamtsl3";16.94;4.246;0.794;5.347;0;0;"Upregulated"
"245";"Mex3b";395.62;1.208;0.134;9.022;0;0;"Upregulated"
"246";"Gm2115";41.324;1.636;0.349;4.693;0;0;"Upregulated"
"247";"Nox4";900.565;1.161;0.088;13.225;0;0;"Upregulated"
"248";"Prss23";3076.749;2.875;0.07;41.264;0;0;"Upregulated"
"249";"Me3";186.25;2.277;0.176;12.916;0;0;"Upregulated"
"250";"Ywhaq-ps1";43.299;3.405;0.434;7.847;0;0;"Upregulated"
"251";"Myo7a";1086.016;3.034;0.099;30.635;0;0;"Upregulated"
"252";"Omp";90.536;-1.273;0.244;-5.22;0;0;"Downregulated"
"253";"Dgat2";806.386;1.223;0.096;12.674;0;0;"Upregulated"
"254";"Map6";62.521;3.57;0.356;10.018;0;0;"Upregulated"
"255";"Relt";371.91;1.6;0.126;12.701;0;0;"Upregulated"
"256";"P2ry6";294.361;2.515;0.147;17.112;0;0;"Upregulated"
"257";"P2ry2";1391.29;-1.538;0.08;-19.258;0;0;"Downregulated"
"258";"Usp17la";118.382;1.023;0.203;5.033;0;0;"Upregulated"
"259";"Mical2";897.446;1.018;0.092;11.054;0;0;"Upregulated"
"260";"Spon1";28.514;5.001;0.695;7.192;0;0;"Upregulated"
"261";"Gprc5b";63.55;-1.835;0.332;-5.524;0;0;"Downregulated"
"262";"Il4ra";2845.046;1.077;0.058;18.412;0;0;"Upregulated"
"263";"Atp2a1";88.311;2.152;0.255;8.45;0;0;"Upregulated"
"264";"Spn";1183.772;1.598;0.09;17.789;0;0;"Upregulated"
"265";"Gm18561";43.234;2.601;0.375;6.939;0;0;"Upregulated"
"266";"Fank1";131.595;2.53;0.225;11.226;0;0;"Upregulated"
"267";"Adam12";4007.694;1.605;0.062;25.931;0;0;"Upregulated"
"268";"D7Ertd443e";21.549;3.112;0.566;5.498;0;0;"Upregulated"
"269";"Adgra1";558.463;5.201;0.17;30.639;0;0;"Upregulated"
"270";"Lsp1";566.069;1.851;0.124;14.971;0;0;"Upregulated"
"271";"Phlda2";374.734;-1.377;0.144;-9.577;0;0;"Downregulated"
"272";"Ano1";933.892;1.265;0.088;14.302;0;0;"Upregulated"
"273";"5830408C22Rik";131;1.027;0.192;5.362;0;0;"Upregulated"
"274";"Fgfr1";92.856;3.214;0.292;10.993;0;0;"Upregulated"
"275";"Adgra2";79.993;-1.142;0.251;-4.558;0;0;"Downregulated"
"276";"5430403N17Rik";33.457;2.382;0.43;5.542;0;0;"Upregulated"
"277";"Mtmr7";37.399;2.046;0.372;5.492;0;0;"Upregulated"
"278";"Pdgfrl";33.026;1.847;0.404;4.573;0;0;"Upregulated"
"279";"Vegfc";745.617;1.598;0.098;16.256;0;0;"Upregulated"
"280";"ENSMUSG00000119995";76.96;-1.233;0.274;-4.495;0;0;"Downregulated"
"281";"Palld";2673.017;2.124;0.064;33.026;0;0;"Upregulated"
"282";"Sh2d4a";1048.545;1.586;0.084;18.789;0;0;"Upregulated"
"283";"Crlf1";894.937;1.183;0.114;10.417;0;0;"Upregulated"
"284";"Gm3336";63.31;-1.332;0.309;-4.316;0;0;"Downregulated"
"285";"Gm7850";13.011;4.078;0.847;4.815;0;0;"Upregulated"
"286";"Hhip";663.649;-1.411;0.107;-13.194;0;0;"Downregulated"
"287";"Misp3";340.505;-1.008;0.182;-5.549;0;0;"Downregulated"
"288";"Junb";20439.315;1.842;0.075;24.416;0;0;"Upregulated"
"289";"Adgrg1";1713.811;2.285;0.073;31.144;0;0;"Upregulated"
"290";"Smpd3";589.825;-1.152;0.114;-10.129;0;0;"Downregulated"
"291";"Hp";21.787;-2.441;0.528;-4.627;0;0;"Downregulated"
"292";"Cotl1";4223.503;1.81;0.054;33.517;0;0;"Upregulated"
"293";"A330074K22Rik";107.087;2.476;0.232;10.683;0;0;"Upregulated"
"294";"Irf8";492.093;-1.606;0.117;-13.71;0;0;"Downregulated"
"295";"Foxl1";41.284;1.753;0.362;4.843;0;0;"Upregulated"
"296";"Zfp469";1326.536;4.786;0.134;35.814;0;0;"Upregulated"
"297";"Cbfa2t3";43.382;-1.517;0.351;-4.322;0;0;"Downregulated"
"298";"Fam89a";54.048;1.552;0.31;5.006;0;0;"Upregulated"
"299";"Mmp13";1087.494;1.015;0.092;10.984;0;0;"Upregulated"
"300";"Mmp12";24.623;2.914;0.509;5.729;0;0;"Upregulated"
"301";"Mmp10";576.282;1.095;0.119;9.2;0;0;"Upregulated"
"302";"Sesn3";3223.287;1.223;0.074;16.638;0;0;"Upregulated"
"303";"Endod1";5288.412;1.273;0.057;22.368;0;0;"Upregulated"
"304";"Olfm2";730.611;4.674;0.134;34.766;0;0;"Upregulated"
"305";"Mcam";2862.137;1.191;0.065;18.421;0;0;"Upregulated"
"306";"Tmprss4";321.329;-1.532;0.148;-10.357;0;0;"Downregulated"
"307";"Gm47175";39.616;-2.573;0.457;-5.637;0;0;"Downregulated"
"308";"Stra6";198.796;2.349;0.173;13.569;0;0;"Upregulated"
"309";"Smad6";510.304;1.535;0.118;13.022;0;0;"Upregulated"
"310";"Rasl12";20.9;8.038;1.257;6.396;0;0;"Upregulated"
"311";"Plekho2";635.11;1.702;0.101;16.864;0;0;"Upregulated"
"312";"Snx22";194.688;-1.642;0.186;-8.82;0;0;"Downregulated"
"313";"Cd109";239.952;2.557;0.173;14.81;0;0;"Upregulated"
"314";"Col12a1";639.932;2.557;0.114;22.441;0;0;"Upregulated"
"315";"Gm28231";533.498;5.489;0.19;28.909;0;0;"Upregulated"
"316";"Nt5e";12134.339;1.902;0.051;37.353;0;0;"Upregulated"
"317";"9330159M07Rik";265.392;-1.224;0.157;-7.8;0;0;"Downregulated"
"318";"Slc9a9";84.214;-1.166;0.243;-4.802;0;0;"Downregulated"
"319";"Chst2";891.099;1.61;0.089;18.111;0;0;"Upregulated"
"320";"Zbtb38";12054.792;1.327;0.06;22.099;0;0;"Upregulated"
"321";"Col7a1";12383.109;1.238;0.057;21.555;0;0;"Upregulated"
"322";"Ucn2";88.138;1.499;0.276;5.426;0;0;"Upregulated"
"323";"Prss46";1314.682;5.979;0.144;41.416;0;0;"Upregulated"
"324";"Prss50";15.512;7.626;1.295;5.89;0;0;"Upregulated"
"325";"Ltf";5582.333;-2.979;0.19;-15.715;0;0;"Downregulated"
"326";"Ccrl2";267.649;-1.32;0.156;-8.452;0;0;"Downregulated"
"327";"Gm19385";126.395;1.388;0.222;6.248;0;0;"Upregulated"
"328";"Samd5";16.048;2.844;0.622;4.573;0;0;"Upregulated"
"329";"Cited2";14293.686;1.456;0.071;20.607;0;0;"Upregulated"
"330";"Platr6";29.581;2.309;0.444;5.205;0;0;"Upregulated"
"331";"Sgk1";6385.172;1.337;0.078;17.075;0;0;"Upregulated"
"332";"Moxd1";582.06;1.931;0.116;16.614;0;0;"Upregulated"
"333";"Ccn2";9843.899;3.595;0.083;43.126;0;0;"Upregulated"
"334";"Arg1";109.329;1.508;0.225;6.701;0;0;"Upregulated"
"335";"Marcks";752.178;1.062;0.099;10.734;0;0;"Upregulated"
"336";"Slc16a10";71.762;1.182;0.265;4.455;0;0;"Upregulated"
"337";"Gja1";22813.037;1.823;0.051;35.609;0;0;"Upregulated"
"338";"Ddit4";21529.116;1.472;0.067;22.101;0;0;"Upregulated"
"339";"Adamts14";121.555;-1.176;0.205;-5.745;0;0;"Downregulated"
"340";"Slc16a9";12.5;3.828;0.817;4.684;0;0;"Upregulated"
"341";"Ggt1";28.799;2.042;0.434;4.708;0;0;"Upregulated"
"342";"Gstt1";202.855;-1.244;0.178;-7.002;0;0;"Downregulated"
"343";"Fstl3";2443.626;1.711;0.07;24.446;0;0;"Upregulated"
"344";"Kiss1r";111.932;-1.106;0.233;-4.738;0;0;"Downregulated"
"345";"Arid3a";449.807;1.421;0.114;12.495;0;0;"Upregulated"
"346";"Arhgap45";611.157;-1.046;0.101;-10.331;0;0;"Downregulated"
"347";"ENSMUSG00000120873";121.846;-1.001;0.228;-4.385;0;0;"Downregulated"
"348";"Tjp3";3168.928;-1.291;0.064;-20.127;0;0;"Downregulated"
"349";"Nuak1";10821.349;1.241;0.055;22.496;0;0;"Upregulated"
"350";"Hal";88.012;4.031;0.332;12.153;0;0;"Upregulated"
"351";"Socs2";1206.886;-1.011;0.085;-11.927;0;0;"Downregulated"
"352";"Dusp6";9124.204;-1.109;0.061;-18.15;0;0;"Downregulated"
"353";"Tmtc2";210.992;-1.186;0.169;-7.008;0;0;"Downregulated"
"354";"1700006J14Rik";39.986;2.325;0.388;5.995;0;0;"Upregulated"
"355";"Apon";27.511;2.305;0.449;5.14;0;0;"Upregulated"
"356";"Castor1";1212.92;1.605;0.086;18.568;0;0;"Upregulated"
"357";"Osm";35.149;5.294;0.682;7.763;0;0;"Upregulated"
"358";"Aebp1";165.236;1.041;0.174;5.97;0;0;"Upregulated"
"359";"Gabrp";79.213;-5.28;0.749;-7.048;0;0;"Downregulated"
"360";"Ebf1";24.907;2.18;0.476;4.575;0;0;"Upregulated"
"361";"Havcr2";272.22;1.653;0.17;9.733;0;0;"Upregulated"
"362";"9930111J21Rik2";75.465;1.973;0.276;7.139;0;0;"Upregulated"
"363";"Ifi47";113.824;1.527;0.245;6.232;0;0;"Upregulated"
"364";"Tcf7";75.244;1.228;0.268;4.586;0;0;"Upregulated"
"365";"Sparc";286.924;2.036;0.149;13.64;0;0;"Upregulated"
"366";"Wnt9a";917.308;2.102;0.089;23.606;0;0;"Upregulated"
"367";"Aldh3a1";252.141;-1.998;0.157;-12.714;0;0;"Downregulated"
"368";"Gas7";165.754;-1.341;0.206;-6.495;0;0;"Downregulated"
"369";"Slc25a35";133.843;-1.158;0.232;-5.002;0;0;"Downregulated"
"370";"Dnah2";71.537;-2.587;0.312;-8.299;0;0;"Downregulated"
"371";"Dnah2os";17.221;-3.444;0.705;-4.887;0;0;"Downregulated"
"372";"ENSMUSG00000121226";105.394;-1.133;0.23;-4.933;0;0;"Downregulated"
"373";"Trpv3";184.989;-1.373;0.17;-8.062;0;0;"Downregulated"
"374";"Aspa";71.764;-2.148;0.288;-7.464;0;0;"Downregulated"
"375";"Serpinf1";86.205;2.11;0.255;8.272;0;0;"Upregulated"
"376";"Rflnb";972.944;1.006;0.091;11.099;0;0;"Upregulated"
"377";"Coro6";794.131;1.121;0.101;11.044;0;0;"Upregulated"
"378";"Cdk5r1";71.832;1.529;0.279;5.487;0;0;"Upregulated"
"379";"Mks1";294.961;-1.183;0.152;-7.773;0;0;"Downregulated"
"380";"Cacna1g";128.785;6.111;0.441;13.873;0;0;"Upregulated"
"381";"Col1a1";345.013;3.498;0.172;20.284;0;0;"Upregulated"
"382";"Gm11515";66.156;1.463;0.284;5.16;0;0;"Upregulated"
"383";"Ngfr";274.175;-1.079;0.143;-7.547;0;0;"Downregulated"
"384";"Igf2bp1";735.538;1.281;0.097;13.256;0;0;"Upregulated"
"385";"Csf3";8546.302;-1.151;0.071;-16.236;0;0;"Downregulated"
"386";"Krt23";56.307;-3.204;0.386;-8.31;0;0;"Downregulated"
"387";"Krt14";2580.94;4.018;0.08;50.16;0;0;"Upregulated"
"388";"Itgb3";109.702;2.84;0.254;11.187;0;0;"Upregulated"
"389";"Cacng4";27.189;-2.488;0.501;-4.967;0;0;"Downregulated"
"390";"Slc16a6";532.59;-1.26;0.106;-11.871;0;0;"Downregulated"
"391";"Cdk3";394.905;-1.205;0.121;-9.927;0;0;"Downregulated"
"392";"Foxj1";1356.048;4.007;0.094;42.819;0;0;"Upregulated"
"393";"C1qtnf1";1271.398;1.422;0.08;17.717;0;0;"Upregulated"
"394";"Card14";334.989;-1.022;0.13;-7.864;0;0;"Downregulated"
"395";"Zfp750";24.755;-2.431;0.521;-4.67;0;0;"Downregulated"
"396";"Rhob";7981.525;1.109;0.062;17.895;0;0;"Upregulated"
"397";"Gm4755";88.378;1.163;0.257;4.516;0;0;"Upregulated"
"398";"9930038B18Rik";209.216;1.223;0.168;7.296;0;0;"Upregulated"
"399";"Trib2";2787.368;-1.687;0.07;-24.165;0;0;"Downregulated"
"400";"Gm49328";25.511;3.013;0.511;5.897;0;0;"Upregulated"
"401";"Rsad2";2501.54;-1.169;0.087;-13.377;0;0;"Downregulated"
"402";"F730043M19Rik";808.142;1.041;0.1;10.415;0;0;"Upregulated"
"403";"Egln3";4268.533;-2.206;0.058;-38.182;0;0;"Downregulated"
"404";"Sptb";178.03;-1.055;0.186;-5.678;0;0;"Downregulated"
"405";"Plek2";1517.17;1.336;0.081;16.506;0;0;"Upregulated"
"406";"Arg2";417.623;-2.39;0.13;-18.326;0;0;"Downregulated"
"407";"Ltbp2";9630.405;1.313;0.069;19.165;0;0;"Upregulated"
"408";"D030025P21Rik";426.053;1.287;0.122;10.516;0;0;"Upregulated"
"409";"Dio2";186.522;-2.958;0.225;-13.173;0;0;"Downregulated"
"410";"Ston2";872.051;-1.096;0.094;-11.705;0;0;"Downregulated"
"411";"Asb2";2054.445;-1.63;0.079;-20.514;0;0;"Downregulated"
"412";"Serpina3h";301.821;1.461;0.146;10.019;0;0;"Upregulated"
"413";"Gm28875";257.468;-1.75;0.159;-10.999;0;0;"Downregulated"
"414";"Syne3";3265.968;-1.789;0.077;-23.286;0;0;"Downregulated"
"415";"Adssl1";1281.912;1.845;0.088;21.069;0;0;"Upregulated"
"416";"Gpr132";96.184;1.385;0.234;5.924;0;0;"Upregulated"
"417";"Gm49602";194.267;-1.04;0.179;-5.802;0;0;"Downregulated"
"418";"Akr1c18";36.789;-1.921;0.401;-4.791;0;0;"Downregulated"
"419";"Gm47507";136.551;1.881;0.22;8.555;0;0;"Upregulated"
"420";"Dcdc2a";86.709;-1.146;0.257;-4.466;0;0;"Downregulated"
"421";"Sox4";25619.126;1.402;0.054;26.155;0;0;"Upregulated"
"422";"Serpinb9b";74.516;1.199;0.276;4.351;0;0;"Upregulated"
"423";"Nedd9";4018.602;2.886;0.067;42.796;0;0;"Upregulated"
"424";"Adtrp";17.622;4.091;0.743;5.504;0;0;"Upregulated"
"425";"Rnf144b";121.22;-1.406;0.247;-5.693;0;0;"Downregulated"
"426";"Pdlim7";7901.45;1.426;0.054;26.505;0;0;"Upregulated"
"427";"Ctla2b";43.094;3.342;0.412;8.117;0;0;"Upregulated"
"428";"Ctla2a";135.334;3.161;0.279;11.344;0;0;"Upregulated"
"429";"Gm36377";31.807;2.009;0.408;4.926;0;0;"Upregulated"
"430";"Irx1";1727.628;1.353;0.072;18.775;0;0;"Upregulated"
"431";"Nr2f1";1076.828;-1.232;0.092;-13.393;0;0;"Downregulated"
"432";"Lncenc1";245.785;1.355;0.158;8.571;0;0;"Upregulated"
"433";"Itga2";13302.958;1.266;0.055;23.219;0;0;"Upregulated"
"434";"Itga1";668.716;-1.941;0.105;-18.516;0;0;"Downregulated"
"435";"Chdh";133.635;-1.25;0.197;-6.339;0;0;"Downregulated"
"436";"Stab1";679.952;2.373;0.114;20.888;0;0;"Upregulated"
"437";"Galnt15";911.576;-2.516;0.112;-22.454;0;0;"Downregulated"
"438";"Anxa8";6458.357;2.02;0.052;39.067;0;0;"Upregulated"
"439";"Trdv4";56.52;2.113;0.325;6.495;0;0;"Upregulated"
"440";"Trac";39.92;1.709;0.37;4.622;0;0;"Upregulated"
"441";"Nfatc4";109.488;1.79;0.232;7.713;0;0;"Upregulated"
"442";"Mcpt8";109.327;-2.492;0.242;-10.29;0;0;"Downregulated"
"443";"Gzme";28.075;-3.285;0.535;-6.138;0;0;"Downregulated"
"444";"Spata13";431.248;1.644;0.143;11.457;0;0;"Upregulated"
"445";"Gm49390";59.779;2.314;0.306;7.573;0;0;"Upregulated"
"446";"Sox7";23.509;-3.539;0.629;-5.631;0;0;"Downregulated"
"447";"Scara3";2368.417;1.606;0.074;21.705;0;0;"Upregulated"
"448";"Clu";90601.377;2.686;0.046;58.132;0;0;"Upregulated"
"449";"Dok2";1367.159;3.564;0.092;38.575;0;0;"Upregulated"
"450";"Gm9195";21.752;-2.31;0.535;-4.319;0;0;"Downregulated"
"451";"Gm30246";40.846;6.135;0.801;7.657;0;0;"Upregulated"
"452";"Lmo7";1882.985;-1.294;0.07;-18.366;0;0;"Downregulated"
"453";"9330188P03Rik";791.068;-1.212;0.094;-12.897;0;0;"Downregulated"
"454";"Dab2";1371.517;1.094;0.083;13.166;0;0;"Upregulated"
"455";"Npr3";1350.033;1.866;0.096;19.355;0;0;"Upregulated"
"456";"Pdzd2";16.519;-3.302;0.696;-4.745;0;0;"Downregulated"
"457";"Cdh10";274.127;1.598;0.146;10.978;0;0;"Upregulated"
"458";"Matn2";233.64;2.184;0.16;13.631;0;0;"Upregulated"
"459";"Ncald";6.931;6.433;1.4;4.594;0;0;"Upregulated"
"460";"Ext1";4246.214;1.038;0.061;16.901;0;0;"Upregulated"
"461";"Enpp2";39.303;-1.894;0.372;-5.085;0;0;"Downregulated"
"462";"Deptor";1167.968;-1.092;0.082;-13.273;0;0;"Downregulated"
"463";"Has2";11787.688;3.474;0.057;60.625;0;0;"Upregulated"
"464";"Has2os";112.083;1.704;0.218;7.812;0;0;"Upregulated"
"465";"Fbxo32";2841.689;1.2;0.064;18.802;0;0;"Upregulated"
"466";"Klhl38";41.469;1.866;0.365;5.111;0;0;"Upregulated"
"467";"Fer1l6";1487.385;-2.421;0.082;-29.701;0;0;"Downregulated"
"468";"Tg";45.213;3.903;0.455;8.57;0;0;"Upregulated"
"469";"Sla";50.1;3.687;0.402;9.166;0;0;"Upregulated"
"470";"Ccn4";3548.259;4.102;0.084;49.044;0;0;"Upregulated"
"471";"St3gal1";4134.147;-1.076;0.063;-17.199;0;0;"Downregulated"
"472";"Peg13";692.794;1.024;0.109;9.417;0;0;"Upregulated"
"473";"Ly6c1";87.377;-3.125;0.324;-9.657;0;0;"Downregulated"
"474";"Gm28502";52.196;-4.158;0.943;-4.411;0;0;"Downregulated"
"475";"Ly6g2";215.747;-4.045;0.244;-16.561;0;0;"Downregulated"
"476";"Il2rb";60.676;3.183;0.353;9.023;0;0;"Upregulated"
"477";"Rac2";722.735;-1.252;0.108;-11.59;0;0;"Downregulated"
"478";"Cyth4";537.054;1.313;0.105;12.484;0;0;"Upregulated"
"479";"Pdgfb";9751.447;2.756;0.066;41.468;0;0;"Upregulated"
"480";"Rapgef3";3196.472;-1.071;0.058;-18.33;0;0;"Downregulated"
"481";"Vdr";1320.66;1.166;0.075;15.467;0;0;"Upregulated"
"482";"Gm4544";29.788;-2.418;0.455;-5.316;0;0;"Downregulated"
"483";"Itga5";1379.691;1.193;0.083;14.45;0;0;"Upregulated"
"484";"Glis2";4330.249;1.378;0.065;21.139;0;0;"Upregulated"
"485";"Vasn";137.147;1.148;0.192;5.993;0;0;"Upregulated"
"486";"Ppl";5638.782;-1.107;0.055;-19.969;0;0;"Downregulated"
"487";"Snn";930.158;1.387;0.087;15.976;0;0;"Upregulated"
"488";"Slc7a4";277.785;-1.304;0.153;-8.502;0;0;"Downregulated"
"489";"BC106179";208.152;1.036;0.182;5.686;0;0;"Upregulated"
"490";"Atp13a4";1039.89;-1.421;0.094;-15.043;0;0;"Downregulated"
"491";"Gm26569";85.813;1.153;0.247;4.671;0;0;"Upregulated"
"492";"Gm41442";120.159;-2.393;0.241;-9.943;0;0;"Downregulated"
"493";"Pdia5";1048.564;1.053;0.083;12.649;0;0;"Upregulated"
"494";"Slc15a2";167.798;1.339;0.195;6.882;0;0;"Upregulated"
"495";"Igsf11";311.666;1.536;0.132;11.598;0;0;"Upregulated"
"496";"Phldb2";15984.912;1.166;0.054;21.434;0;0;"Upregulated"
"497";"ENSMUSG00000120744";551.799;1.967;0.316;6.232;0;0;"Upregulated"
"498";"Robo1";657.439;-1.449;0.112;-12.966;0;0;"Downregulated"
"499";"Ets2";8873.178;1.239;0.05;24.663;0;0;"Upregulated"
"500";"Hcfc1r1";2249.014;1.07;0.065;16.367;0;0;"Upregulated"
"501";"Gm50295";62.645;2.025;0.313;6.469;0;0;"Upregulated"
"502";"Gm49774";152.096;-1.529;0.228;-6.703;0;0;"Downregulated"
"503";"AI413582";916.937;-1.023;0.095;-10.729;0;0;"Downregulated"
"504";"Cpne5";476.748;-1.054;0.129;-8.186;0;0;"Downregulated"
"505";"Pi16";36.15;-3.311;0.475;-6.968;0;0;"Downregulated"
"506";"Pglyrp2";72.028;1.606;0.276;5.828;0;0;"Upregulated"
"507";"Angptl4";88.811;1.481;0.264;5.607;0;0;"Upregulated"
"508";"Notch4";117.773;1.673;0.241;6.951;0;0;"Upregulated"
"509";"Cyp21a1";653.409;3.787;0.121;31.24;0;0;"Upregulated"
"510";"Rnf39";622.116;-1.496;0.103;-14.486;0;0;"Downregulated"
"511";"Pla2g7";135.406;1.247;0.191;6.518;0;0;"Upregulated"
"512";"Nfkbie";1412.26;1.055;0.077;13.722;0;0;"Upregulated"
"513";"F630040K05Rik";38.609;1.708;0.37;4.616;0;0;"Upregulated"
"514";"Mdfi";132.377;2.18;0.232;9.386;0;0;"Upregulated"
"515";"Tincr";194.452;-1.391;0.179;-7.759;0;0;"Downregulated"
"516";"Acsbg3";148.284;-1.304;0.194;-6.711;0;0;"Downregulated"
"517";"Rhoq";2972.295;1.058;0.062;17.202;0;0;"Upregulated"
"518";"Lama3";12720.078;1.685;0.058;29.047;0;0;"Upregulated"
"519";"Tslp";2398.116;-1.499;0.077;-19.34;0;0;"Downregulated"
"520";"Csf1r";2474.112;1.741;0.072;24.03;0;0;"Upregulated"
"521";"Pcyox1l";521.99;1.281;0.108;11.885;0;0;"Upregulated"
"522";"Oacyl";48.305;1.699;0.343;4.946;0;0;"Upregulated"
"523";"Ldlrad4";911.496;1.063;0.083;12.844;0;0;"Upregulated"
"524";"Dynap";1514.406;1.47;0.078;18.822;0;0;"Upregulated"
"525";"Lipg";5775.014;-1.182;0.055;-21.509;0;0;"Downregulated"
"526";"Gm20544";2339.021;2.282;0.071;32.359;0;0;"Upregulated"
"527";"Smad7";3466.545;1.925;0.068;28.312;0;0;"Upregulated"
"528";"Gm10532";79.877;2.672;0.308;8.686;0;0;"Upregulated"
"529";"Siglec15";31.892;-2.057;0.428;-4.801;0;0;"Downregulated"
"530";"Chka";8059.818;-1.083;0.059;-18.22;0;0;"Downregulated"
"531";"Tbx10";18.051;4.927;0.858;5.74;0;0;"Upregulated"
"532";"Ctsw";3617.59;3.647;0.067;54.427;0;0;"Upregulated"
"533";"Slc22a29";189.132;1.157;0.173;6.702;0;0;"Upregulated"
"534";"Slc15a3";246.079;1.291;0.162;7.992;0;0;"Upregulated"
"535";"Gcnt1";1111.005;-1.187;0.08;-14.862;0;0;"Downregulated"
"536";"Il33";39.534;-2.292;0.426;-5.378;0;0;"Downregulated"
"537";"Lipn";19.699;-5.695;1.111;-5.128;0;0;"Downregulated"
"538";"Ankrd22";736.94;-1.734;0.109;-15.961;0;0;"Downregulated"
"539";"4931408D14Rik";93.438;1.916;0.255;7.513;0;0;"Upregulated"
"540";"Hoga1";106.812;1.244;0.242;5.147;0;0;"Upregulated"
"541";"Gsto1";6636.176;1.574;0.055;28.663;0;0;"Upregulated"
"542";"Afap1l2";626.149;-1.233;0.106;-11.668;0;0;"Downregulated"
"543";"Gm14636";90.552;-1.264;0.236;-5.356;0;0;"Downregulated"
"544";"Timp1";2650.939;1.022;0.068;15.048;0;0;"Upregulated"
"545";"Maged1";8387.906;1.085;0.056;19.533;0;0;"Upregulated"
"546";"Tceal9";8013.373;1.006;0.069;14.532;0;0;"Upregulated"
"547";"Ripply1";90.992;-1.528;0.302;-5.064;0;0;"Downregulated"
"548";"Gm15046";21.248;2.7;0.524;5.147;0;0;"Upregulated"
"549";"Amot";3280.887;1.227;0.067;18.407;0;0;"Upregulated"
"550";"Il13ra2";81.325;1.233;0.26;4.737;0;0;"Upregulated"
"551";"Fgd1";2744.613;1.187;0.067;17.623;0;0;"Upregulated"
"552";"Phf8";5082.507;1.095;0.057;19.235;0;0;"Upregulated"
"553";"Klf8";516.153;1.695;0.109;15.617;0;0;"Upregulated"
"554";"Arhgap6";1152.275;-1.039;0.078;-13.266;0;0;"Downregulated"
